City_ID,City,Lat,Lng,Max Temp,Humidity,Cloudiness,Wind Speed,Country,Date
0,atuona,-9.8,-139.0333,26.08,77,87,8.6,PF,1674431432
1,talcahuano,-36.7167,-73.1167,21.82,60,0,7.2,CL,1674431716
2,klyuchi,52.2667,79.1667,-10.26,82,100,6.78,RU,1674431798
3,kaitangata,-46.2817,169.8464,16.5,44,21,4.11,NZ,1674431494
4,castro,-24.7911,-50.0119,18.31,95,80,1.54,BR,1674431428
5,arraial do cabo,-22.9661,-42.0278,24.07,85,72,5.31,BR,1674431500
6,new norfolk,-42.7826,147.0587,23.29,46,22,1.48,AU,1674431337
7,kapoeta,4.7717,33.5903,28.76,27,93,2.24,SS,1674431765
8,port alfred,-33.5906,26.891,21.21,96,100,2.82,ZA,1674431472
9,rawson,-43.3002,-65.1023,16.1,69,15,6.61,AR,1674431755
10,albany,42.6001,-73.9662,1.69,78,100,2.74,US,1674431473
11,victoria,22.2855,114.1577,17.92,90,2,1.79,HK,1674431285
12,mabaruma,8.2,-59.7833,21.95,96,14,1.8,GY,1674432016
13,shalya,57.2471,58.7298,-15.12,99,100,2.14,RU,1674432017
14,bethel,41.3712,-73.414,3.62,81,100,2.57,US,1674431526
15,bluff,-46.6,168.3333,13.35,57,83,4.67,NZ,1674431333
16,ushuaia,-54.8,-68.3,12.81,47,0,3.09,AR,1674431498
17,punta arenas,-53.15,-70.9167,14.06,44,0,3.6,CL,1674431475
18,erdenet,49.0333,104.0833,-36.55,100,44,1.68,MN,1674432018
19,marechal candido rondon,-24.5561,-54.0567,22.32,82,92,2.12,BR,1674432019
20,kahului,20.8947,-156.47,28.01,67,40,7.72,US,1674431596
21,lask,51.5906,19.1328,0.76,97,100,2.73,PL,1674432020
22,rincon,32.296,-81.2354,16.59,93,100,5.08,US,1674432020
23,outlook,51.5001,-107.0513,0.13,84,100,7.31,CA,1674431779
24,kodiak,57.79,-152.4072,2.73,93,100,7.2,US,1674431504
25,guaraniacu,-25.1008,-52.8781,16.59,98,96,0.72,BR,1674432021
26,rikitea,-23.1203,-134.9692,26.49,75,2,7.34,PF,1674431472
27,yellowknife,62.456,-114.3525,-26.98,95,64,2.29,CA,1674431476
28,bambanglipuro,-7.95,110.2833,26.15,82,95,2.02,ID,1674431781
29,busselton,-33.65,115.3333,25.11,42,0,3.33,AU,1674431266
30,qaanaaq,77.484,-69.3632,-32.9,71,99,3.38,GL,1674431480
31,dingle,10.9995,122.6711,23.98,92,100,4.49,PH,1674431532
32,toora-khem,52.4675,96.11,-42.95,100,96,0.95,RU,1674431835
33,tambilil,5.9622,124.6697,27.19,76,100,0.64,PH,1674432023
34,mataura,-46.1927,168.8643,16.91,38,49,2.82,NZ,1674431408
35,cordoba,-31.4135,-64.1811,23.44,87,64,5.68,AR,1674432015
36,male,4.1748,73.5089,27.06,73,93,6.58,MV,1674432024
37,bilma,18.6853,12.9164,19.45,14,25,2.72,NE,1674431546
38,surt,31.2089,16.5887,14.1,32,0,3.98,LY,1674432024
39,hermanus,-34.4187,19.2345,19.33,85,51,3.58,ZA,1674431491
40,kavieng,-2.5744,150.7967,27.88,77,100,5.09,PG,1674431528
41,yar-sale,66.8333,70.8333,-8.58,94,100,4.96,RU,1674431772
42,sheregesh,52.9209,87.9869,-17.89,89,100,1.6,RU,1674432025
43,makeni,8.8833,-12.05,22.36,77,6,0.99,SL,1674432026
44,yagodnoye,62.55,149.6667,-29.73,99,100,2.02,RU,1674431762
45,hilo,19.7297,-155.09,27.93,75,40,5.14,US,1674431280
46,hobart,-42.8794,147.3294,23.92,59,20,2.57,AU,1674431715
47,ponta do sol,32.6667,-17.1,16.74,57,54,3.78,PT,1674431832
48,kruisfontein,-34.0033,24.7314,20.49,96,38,1.49,ZA,1674431526
49,birjand,32.8663,59.2211,-4.48,53,0,1.63,IR,1674432027
50,port blair,11.6667,92.75,23.02,88,40,0.0,IN,1674431910
51,pinotepa nacional,16.3167,-98.0167,25.66,66,0,2.3,MX,1674431611
52,paka,4.6374,103.4368,24.1,90,94,2.83,MY,1674432028
53,jamestown,42.097,-79.2353,0.01,72,100,3.09,US,1674431495
54,chenzhou,25.8,113.0333,6.16,91,100,1.59,CN,1674432029
55,georgetown,5.4112,100.3354,23.96,94,20,1.54,MY,1674431470
56,sao joao da barra,-21.6403,-41.0511,26.05,91,36,1.5,BR,1674431728
57,fortuna,40.5982,-124.1573,11.31,65,0,7.72,US,1674431552
58,iqaluit,63.7506,-68.5145,-20.73,76,75,10.29,CA,1674431501
59,ponnani,10.767,75.9252,22.62,73,87,2.65,IN,1674432030
60,lebu,-37.6167,-73.65,15.91,87,1,5.41,CL,1674431259
61,egvekinot,66.3167,-179.1667,-28.64,81,98,4.54,RU,1674432031
62,sechura,-5.5569,-80.8222,22.8,74,19,4.83,PE,1674431485
63,hambantota,6.1241,81.1185,24.18,87,100,5.44,LK,1674431630
64,kapaa,22.0752,-159.319,27.49,69,40,2.06,US,1674431419
65,east london,-33.0153,27.9116,22.33,87,100,2.11,ZA,1674431473
66,narsaq,60.9167,-46.05,-13.64,68,0,3.19,GL,1674431507
67,padang,-0.9492,100.3543,23.03,92,100,1.88,ID,1674431508
68,barrow,71.2906,-156.7887,-20.99,84,100,5.66,US,1674431344
69,airai,-8.9266,125.4092,17.54,86,100,0.57,TL,1674431503
70,carnarvon,-24.8667,113.6333,24.86,71,41,7.69,AU,1674431480
71,hithadhoo,-0.6,73.0833,26.82,77,68,3.79,MV,1674431535
72,komsomolskiy,40.4272,71.7189,-6.6,79,97,2.06,UZ,1674431566
73,los llanos de aridane,28.6585,-17.9182,15.62,89,75,6.69,ES,1674431839
74,asau,46.4333,26.4,3.51,96,96,0.66,RO,1674431531
75,tarko-sale,64.9225,77.785,-17.78,97,99,3.55,RU,1674431828
76,biak,-0.9131,122.8766,26.39,73,100,0.37,ID,1674431822
77,imbituba,-28.24,-48.6703,23.42,89,55,2.62,BR,1674431496
78,isangel,-19.55,169.2667,29.77,70,75,0.74,VU,1674431948
79,arrifes,37.7667,-25.7,13.14,94,75,4.63,PT,1674432037
80,mount gambier,-37.8333,140.7667,21.7,57,91,2.81,AU,1674431502
81,tawang,27.5833,91.8667,-1.28,52,15,2.52,IN,1674432038
82,cidreira,-30.1811,-50.2056,23.8,89,22,3.07,BR,1674431789
83,pisco,-13.7,-76.2167,24.03,73,54,7.72,PE,1674431518
84,peleduy,59.6289,112.7406,-35.9,94,100,3.47,RU,1674432039
85,henties bay,-22.116,14.2845,18.68,86,80,3.5,NA,1674431845
86,chokurdakh,70.6333,147.9167,-43.16,100,62,2.31,RU,1674431507
87,baykit,61.67,96.37,-31.26,97,100,1.5,RU,1674431871
88,quang ngai,15.1167,108.8,21.49,91,82,1.11,VN,1674432040
89,sambava,-14.2667,50.1667,24.58,83,100,1.53,MG,1674431576
90,tuktoyaktuk,69.4541,-133.0374,-17.0,85,100,4.12,CA,1674431477
91,turayf,31.6725,38.6637,8.68,65,37,3.96,SA,1674432041
92,andros town,24.7,-77.7667,23.98,75,44,6.61,BS,1674431999
93,wanaka,-44.7,169.15,16.29,58,92,0.57,NZ,1674432041
94,port augusta,-32.5,137.7667,30.48,26,44,3.55,AU,1674432042
95,tarakan,3.3,117.6333,24.72,94,40,1.03,ID,1674432043
96,almaznyy,48.0448,40.045,-2.12,78,67,7.06,RU,1674432043
97,lagoa,39.05,-27.9833,15.03,81,53,8.93,PT,1674431510
98,bengkulu,-3.8004,102.2655,22.64,96,100,2.23,ID,1674431461
99,cape town,-33.9258,18.4232,21.06,73,0,4.63,ZA,1674431270
100,vanimo,-2.6741,141.3028,26.33,84,100,0.79,PG,1674431930
101,supuru de jos,47.4667,22.8,2.84,85,95,3.12,RO,1674432044
102,erzin,36.9559,36.2,10.81,62,0,2.43,TR,1674431813
103,klaksvik,62.2266,-6.589,6.51,75,100,10.07,FO,1674431474
104,menongue,-14.6585,17.691,16.94,97,100,2.39,AO,1674432045
105,guarapari,-20.6667,-40.4975,23.44,91,100,2.35,BR,1674432045
106,khani,41.9563,42.9566,3.76,61,1,2.56,GE,1674432046
107,makakilo city,21.3469,-158.0858,26.45,64,6,2.74,US,1674432046
108,saskylakh,71.9167,114.0833,-33.36,87,100,1.03,RU,1674431556
109,mukhen,48.1,136.1,-28.76,89,11,1.45,RU,1674432047
110,glyadyanskoye,54.9075,65.0883,-7.84,87,98,5.31,RU,1674432047
111,moree,-29.4667,149.85,26.58,58,32,5.76,AU,1674432048
112,krk,45.0258,14.5731,6.38,64,100,10.5,HR,1674432048
113,mantua,45.1667,10.7833,4.08,86,100,0.89,IT,1674431411
114,lavrentiya,65.5833,-171.0,-28.94,93,62,5.14,RU,1674431501
115,barcelona,41.3888,2.159,7.14,57,75,3.6,ES,1674432013
116,clyde river,70.4692,-68.5914,-31.87,68,100,11.83,CA,1674431567
117,namibe,-15.1961,12.1522,22.46,80,100,1.26,AO,1674431485
118,kalininsk,51.5,44.4758,-10.66,89,98,2.3,RU,1674432049
119,tura,25.5198,90.2201,13.49,53,11,1.44,IN,1674431825
120,dikson,73.5069,80.5464,-22.86,92,100,11.47,RU,1674431459
121,sayansk,54.1088,102.1648,-41.16,97,32,2.17,RU,1674432050
122,pangnirtung,66.1451,-65.7125,-19.75,100,100,2.01,CA,1674431921
123,saint anthony,45.0205,-93.218,-5.98,95,92,1.5,US,1674431736
124,uyuni,-20.4597,-66.825,15.91,37,88,7.82,BO,1674432051
125,komnina,40.6,21.7833,5.88,95,96,1.91,GR,1674432051
126,bredasdorp,-34.5322,20.0403,18.72,86,21,2.8,ZA,1674431342
127,auki,-8.7676,160.7034,30.22,62,85,0.64,SB,1674431862
128,voyinka,45.8699,33.9914,0.85,90,51,3.5,UA,1674432052
129,kharp,66.8014,65.8081,-7.77,92,19,3.92,RU,1674432052
130,ancud,-41.8697,-73.8203,15.28,81,9,1.91,CL,1674431512
131,brae,60.3964,-1.353,8.14,92,100,5.32,GB,1674431800
132,vaini,-21.2,-175.2,30.09,74,20,1.03,TO,1674431483
133,havelock,34.8791,-76.9013,16.63,86,100,1.79,US,1674431800
134,uribia,11.7139,-72.266,26.45,66,1,10.26,CO,1674432053
135,galich,58.3797,42.3475,-18.2,100,100,1.21,RU,1674432054
136,hasaki,35.7333,140.8333,4.01,88,100,5.52,JP,1674431545
137,santa rosa,14.3122,121.1114,26.68,76,57,4.56,PH,1674431979
138,esperance,-33.8667,121.9,21.07,52,5,3.94,AU,1674431489
139,sioux lookout,50.1001,-91.917,-6.96,86,40,2.57,CA,1674431952
140,san carlos de bariloche,-41.1456,-71.3082,21.86,30,20,9.26,AR,1674431506
141,ahipara,-35.1667,173.1667,21.15,69,87,2.57,NZ,1674431542
142,liwale,-9.7667,37.9333,20.16,98,100,1.11,TZ,1674432055
143,sitka,57.0531,-135.33,2.94,87,100,11.32,US,1674431548
144,gigmoto,13.7796,124.39,24.85,90,100,5.17,PH,1674432056
145,puerto ayora,-0.7393,-90.3518,24.75,94,69,1.79,EC,1674431423
146,puerto armuelles,8.2833,-82.8667,25.27,82,19,3.05,PA,1674432056
147,gombong,-7.6072,109.5142,25.0,90,97,1.5,ID,1674432057
148,saint-philippe,-21.3585,55.7679,23.77,86,100,2.11,RE,1674431500
149,khatanga,71.9667,102.5,-41.35,96,17,1.45,RU,1674431262
150,mineiros,-17.5694,-52.5511,20.52,92,85,1.84,BR,1674432057
151,taltal,-25.4,-70.4833,20.29,79,23,2.15,CL,1674432058
152,gondanglegi,-7.7479,112.0132,25.06,85,89,1.62,ID,1674432006
153,mahebourg,-20.4081,57.7,25.14,94,75,1.03,MU,1674431485
154,touros,-5.1989,-35.4608,26.64,79,9,5.47,BR,1674431816
155,wanning,18.8003,110.3967,21.98,93,96,1.73,CN,1674431784
156,port lincoln,-34.7333,135.8667,19.05,73,99,4.72,AU,1674431503
157,isiolo,0.3546,37.5822,19.16,67,99,2.33,KE,1674432059
158,tasiilaq,65.6145,-37.6368,-15.4,59,67,3.33,GL,1674431536
159,dolores,-36.3132,-57.6792,22.37,60,72,4.02,AR,1674432002
160,aykhal,66.0,111.5,-32.79,84,100,1.81,RU,1674431540
161,missoula,47.0166,-113.8009,-4.69,95,94,1.25,US,1674432060
162,luderitz,-26.6481,15.1594,18.37,86,0,7.03,NA,1674431542
163,itaituba,-4.2761,-55.9836,23.05,98,99,0.8,BR,1674432060
164,mnogovershinnyy,53.9353,139.9242,-32.6,86,99,1.82,RU,1674431999
165,marawi,7.9986,124.2928,19.72,97,100,1.34,PH,1674431515
166,nouakchott,18.0858,-15.9785,16.96,55,2,3.89,MR,1674431729
167,longyearbyen,78.2186,15.6401,2.91,81,75,4.63,SJ,1674431669
168,lompoc,34.6391,-120.4579,17.1,51,95,4.47,US,1674431734
169,murwara,23.85,80.4,16.46,60,41,2.24,IN,1674432061
170,prince rupert,54.3161,-130.3201,2.05,93,100,4.63,CA,1674432062
171,vao,-22.6667,167.4833,26.33,86,93,8.01,NC,1674431497
172,quatre cocos,-20.2078,57.7625,25.05,81,100,2.67,MU,1674431636
173,tessalit,20.1986,1.0114,18.78,14,0,4.09,ML,1674431558
174,chuy,-33.6971,-53.4616,20.8,79,19,2.97,UY,1674431508
175,jieshi,22.8134,115.8257,17.88,84,5,4.71,CN,1674432063
176,aksarka,66.5606,67.7975,-8.62,87,77,4.87,RU,1674431510
177,shubarkuduk,49.1447,56.4872,-14.91,73,0,1.76,KZ,1674432064
178,ilulissat,69.2167,-51.1,-10.81,97,100,1.07,GL,1674431529
179,oksfjord,70.2396,22.3479,5.1,82,98,4.21,NO,1674432064
180,provideniya,64.3833,-173.3,-19.94,71,75,8.0,RU,1674431437
181,hovd,48.0056,91.6419,-22.77,59,4,0.84,MN,1674431752
182,eureka,40.8021,-124.1637,11.53,68,27,6.71,US,1674431944
183,rudbar,30.15,62.6,1.07,56,0,3.68,AF,1674432066
184,faya,18.3851,42.4509,11.67,65,2,0.18,SA,1674432066
185,souillac,-20.5167,57.5167,24.21,94,75,1.03,MU,1674431492
186,buncrana,55.1333,-7.45,6.57,97,100,2.33,IE,1674432067
187,san cristobal,7.7669,-72.225,22.1,73,84,0.87,VE,1674431982
188,campeche,19.0,-90.5,25.83,67,11,2.62,MX,1674431530
189,nanortalik,60.1432,-45.2371,-5.9,59,60,1.92,GL,1674431531
190,ribeira grande,38.5167,-28.7,16.54,79,40,8.94,PT,1674431486
191,avarua,-21.2078,-159.775,28.03,74,75,4.12,CK,1674431474
192,kaka,37.3482,59.6143,-2.63,58,0,1.35,TM,1674431863
193,taganak,6.0833,118.3,26.52,83,96,5.82,PH,1674432069
194,mar del plata,-38.0023,-57.5575,21.01,79,20,5.36,AR,1674431503
195,honningsvag,70.9821,25.9704,0.86,86,75,8.75,NO,1674431734
196,olafsvik,64.8945,-23.7142,0.2,53,19,12.82,IS,1674431746
197,ojinaga,29.5667,-104.4167,16.53,21,0,0.0,MX,1674432070
198,hebi,35.8992,114.1925,1.48,31,97,2.69,CN,1674432070
199,baijiantan,45.6333,85.1833,-24.54,93,13,2.38,CN,1674432071
200,ilyich,40.8464,68.5067,-14.11,97,91,1.25,KZ,1674432071
201,itarema,-2.9248,-39.9167,25.98,81,25,5.21,BR,1674431277
202,cockburn town,21.4612,-71.1419,25.4,76,20,9.19,TC,1674431461
203,broome,42.2506,-75.833,1.59,88,100,2.06,US,1674431822
204,okakarara,-20.5833,17.4333,22.07,67,97,4.4,NA,1674432072
205,tiksi,71.6872,128.8694,-28.7,92,100,1.95,RU,1674431533
206,college,64.8569,-147.8028,-28.01,76,75,0.0,US,1674432073
207,nemuro,43.3236,145.575,-6.83,59,32,6.3,JP,1674432048
208,whitehorse,60.7161,-135.0538,-1.66,90,100,5.14,CA,1674431607
209,nguruka,-5.1092,31.0419,17.62,92,100,1.15,TZ,1674432073
210,dickson,36.077,-87.3878,5.44,94,100,3.09,US,1674431521
211,butaritari,3.0707,172.7902,27.08,75,95,5.63,KI,1674431488
212,san policarpo,12.1791,125.5072,26.51,84,100,6.89,PH,1674431486
213,dinuba,36.5433,-119.3871,11.99,81,100,0.0,US,1674432074
214,safaga,26.7292,33.9365,17.74,50,45,5.14,EG,1674432075
215,leningradskiy,69.3833,178.4167,-35.66,90,41,2.67,RU,1674431539
216,yuzha,56.5831,42.0122,-18.08,100,97,1.5,RU,1674432075
217,hami,42.8,93.45,-13.43,32,0,4.42,CN,1674431522
218,muros,42.7762,-9.0603,4.49,86,53,3.44,ES,1674431520
219,batagay,67.6333,134.6333,-48.94,99,74,1.29,RU,1674432076
220,ascension,30.2169,-90.9001,14.0,63,0,0.0,US,1674432077
221,buala,-8.145,159.5921,30.12,63,96,2.69,SB,1674431524
222,nosy varika,-20.5833,48.5333,23.15,94,100,3.65,MG,1674432078
223,mikkeli,61.6886,27.2723,-8.25,92,100,1.54,FI,1674432078
224,kudahuvadhoo,2.6708,72.8944,25.82,81,77,4.42,MV,1674432079
225,port hardy,50.6996,-127.4199,5.1,93,100,5.66,CA,1674431483
226,aklavik,68.2191,-135.0107,-21.71,92,97,5.19,CA,1674431514
227,saint-pierre,-21.3393,55.4781,23.82,83,0,2.57,RE,1674431573
228,port macquarie,-31.4333,152.9167,24.02,69,51,2.26,AU,1674431713
229,riyadh,24.6877,46.7219,13.08,57,73,3.56,SA,1674431960
230,tilichiki,60.4667,166.1,-9.31,64,100,12.46,RU,1674432080
231,nyurba,63.2842,118.3319,-30.01,91,100,4.1,RU,1674431513
232,codrington,-38.2667,141.9667,19.86,66,100,1.88,AU,1674431266
233,chumikan,54.7183,135.315,-32.55,84,100,7.51,RU,1674432081
234,constitucion,-35.3333,-72.4167,16.98,76,10,6.83,CL,1674431564
235,ketchikan,55.3422,-131.6461,1.56,98,100,3.27,US,1674431788
236,port elizabeth,-33.918,25.5701,21.72,92,100,1.03,ZA,1674431434
237,bose,45.4612,8.0137,1.78,51,86,2.37,IT,1674432082
238,doka,13.5167,35.7667,23.52,26,5,3.29,SD,1674432082
239,faanui,-16.4833,-151.75,26.46,70,93,1.62,PF,1674431936
240,amuntai,-2.4177,115.2494,24.14,95,100,0.64,ID,1674431939
241,evensk,61.95,159.2333,-15.53,88,100,11.93,RU,1674432083
242,hervey bay,-25.2986,152.8535,28.34,63,17,3.13,AU,1674431950
243,itoman,26.1247,127.6694,20.01,88,75,3.6,JP,1674432084
244,nome,64.5011,-165.4064,-18.96,55,0,2.57,US,1674431476
245,cambridge,43.3601,-80.3127,-0.99,94,100,1.03,CA,1674431729
246,morondava,-20.2833,44.2833,24.77,86,98,3.82,MG,1674432085
247,bathsheba,13.2167,-59.5167,26.34,73,20,9.77,BB,1674431777
248,saint george,37.1041,-113.5841,4.33,36,75,3.6,US,1674431493
249,nacala,-14.5428,40.6728,23.32,89,100,5.04,MZ,1674431513
250,moranbah,-22.0016,148.0466,27.48,60,5,4.99,AU,1674432085
251,zhangye,38.9342,100.4517,-15.5,71,92,2.84,CN,1674431927
252,wenling,28.3669,121.36,9.51,88,99,4.07,CN,1674432086
253,podporozhye,60.9112,34.1706,-16.07,99,87,1.33,RU,1674432087
254,bidhuna,26.8022,79.5088,12.38,72,1,1.2,IN,1674432087
255,milford,41.2223,-73.0565,4.45,86,100,3.6,US,1674431860
256,korla,41.7597,86.1469,-12.28,69,2,3.67,CN,1674431530
257,te anau,-45.4167,167.7167,17.32,41,13,1.42,NZ,1674431513
258,grand gaube,-20.0064,57.6608,25.21,81,100,3.65,MU,1674431615
259,acapulco,16.8634,-99.8901,28.9,61,0,2.06,MX,1674431276
260,tatawin,32.9297,10.4518,6.01,60,2,4.19,TN,1674432088
261,pevek,69.7008,170.3133,-35.72,95,99,1.34,RU,1674431495
262,enumclaw,47.2043,-121.9915,5.75,86,98,0.89,US,1674432089
263,maturin,9.75,-63.1767,21.54,97,85,2.76,VE,1674432089
264,camacha,33.0833,-16.3333,15.68,63,40,8.23,PT,1674431812
265,shimoda,34.6667,138.95,5.61,68,100,5.69,JP,1674432090
266,oskarshamn,57.2645,16.4484,-0.01,85,7,0.76,SE,1674432091
267,bambous virieux,-20.3428,57.7575,25.12,94,75,1.03,MU,1674431570
268,nikolskoye,59.7035,30.7861,-5.06,97,70,0.79,RU,1674431405
269,severo-kurilsk,50.6789,156.125,-8.51,70,63,2.53,RU,1674431519
270,yulara,-25.2406,130.9889,30.71,15,4,6.57,AU,1674431539
271,thompson,55.7435,-97.8558,-7.91,93,100,5.14,CA,1674432033
272,poum,-20.2333,164.0167,26.68,78,98,0.52,NC,1674431519
273,liverpool,53.4106,-2.9779,4.6,91,75,2.57,GB,1674431496
274,south venice,27.0531,-82.4243,23.41,92,0,6.17,US,1674432092
275,diffa,13.3154,12.6113,21.49,16,48,3.83,NE,1674432092
276,batemans bay,-35.7167,150.1833,20.05,60,99,3.53,AU,1674431865
277,plouzane,48.3833,-4.6167,1.18,83,0,3.09,FR,1674431964
278,valparaiso,-33.0393,-71.6273,20.13,90,0,3.6,CL,1674431824
279,beringovskiy,63.05,179.3167,-21.69,95,100,6.83,RU,1674431575
280,torbay,47.6666,-52.7314,-3.57,90,75,7.2,CA,1674431505
281,peachland,49.7665,-119.7357,1.96,51,8,0.62,CA,1674432093
282,rapid valley,44.0625,-103.1463,3.02,65,100,3.09,US,1674432094
283,alofi,-19.0595,-169.9187,30.94,62,50,4.63,NU,1674431535
284,guamuchil,25.4667,-108.1,23.15,21,0,3.44,MX,1674432094
285,ponta delgada,37.7333,-25.6667,14.4,94,75,4.63,PT,1674432095
286,tateyama,34.9833,139.8667,5.61,88,100,6.37,JP,1674432095
287,necochea,-38.5473,-58.7368,17.63,87,0,3.68,AR,1674432096
288,cherskiy,68.75,161.3,-35.46,95,100,1.25,RU,1674432096
289,kyrylivka,46.3759,35.3675,1.77,85,22,6.6,UA,1674432096
290,pontes e lacerda,-15.2261,-59.3353,25.25,76,67,1.93,BR,1674432097
291,bucksport,44.5737,-68.7956,-2.22,93,100,2.13,US,1674432097
292,mizan teferi,6.9833,35.5833,17.14,67,96,1.32,ET,1674432098
293,moron,-34.6534,-58.6198,28.88,45,75,7.72,AR,1674432098
294,norman wells,65.282,-126.8329,-18.98,84,75,1.03,CA,1674431262
295,kenai,60.5544,-151.2583,-2.17,67,0,3.09,US,1674431744
296,marquette,46.5333,-87.6335,-3.87,93,100,1.17,US,1674432099
297,meulaboh,4.1363,96.1285,23.53,92,100,1.99,ID,1674431743
298,farsund,58.0948,6.8047,1.14,6,73,1.69,NO,1674432099
299,oranjemund,-28.55,16.4333,17.01,95,20,3.23,NA,1674431858
300,nelson bay,-32.7167,152.15,22.78,87,98,3.13,AU,1674432100
301,puerto escondido,15.85,-97.0667,25.95,72,1,1.62,MX,1674431525
302,bani walid,31.7566,13.9942,9.83,62,75,2.09,LY,1674432100
303,cap malheureux,-19.9842,57.6142,25.26,81,100,3.68,MU,1674431804
304,karratha,-20.7377,116.8463,29.44,56,44,1.89,AU,1674431731
305,magadi,12.9667,77.2333,15.24,82,36,3.28,IN,1674431960
306,roma,43.2128,-75.4557,1.16,93,100,2.06,US,1674431735
307,ingham,42.6,-84.3833,-0.21,91,100,1.54,US,1674432101
308,havoysund,70.9963,24.6622,1.13,76,100,4.68,NO,1674431985
309,athabasca,54.7169,-113.2854,0.23,82,17,5.51,CA,1674431832
310,sangmelima,2.9333,11.9833,20.07,92,64,1.31,CM,1674432102
311,half moon bay,37.4636,-122.4286,16.06,40,0,9.26,US,1674431817
312,avera,33.194,-82.5271,7.73,95,100,2.93,US,1674431562
313,knittelfeld,47.2167,14.8167,-0.85,89,80,0.95,AT,1674432103
314,ust-ilimsk,58.0006,102.6619,-39.16,96,53,1.82,RU,1674432103
315,port pirie,-33.1833,138.0167,28.64,30,70,2.45,AU,1674432103
316,keetmanshoop,-26.5833,18.1333,26.84,33,89,5.86,NA,1674432104
317,goundam,16.4145,-3.6708,22.08,13,3,4.28,ML,1674432104
318,inirida,3.8653,-67.9239,23.86,87,100,1.01,CO,1674431990
319,hays,30.0502,-98.0336,13.68,37,0,1.34,US,1674432105
320,sistranda,63.7256,8.834,4.98,56,100,6.04,NO,1674431756
321,yumen,40.2833,97.2,-17.49,55,58,1.68,CN,1674431559
322,xai-xai,-25.0519,33.6442,25.7,84,78,4.24,MZ,1674432106
323,cabo san lucas,22.8909,-109.9124,24.23,69,49,2.24,MX,1674431464
324,vestmannaeyjar,63.4427,-20.2734,2.8,54,98,10.07,IS,1674431698
325,vaitape,-16.5167,-151.75,26.47,70,94,1.65,PF,1674431732
326,san quintin,30.4833,-115.95,14.36,65,2,6.5,MX,1674431568
327,finschhafen,-6.6024,147.8681,29.39,69,99,1.62,PG,1674432107
328,awjilah,29.1081,21.2869,12.07,45,0,3.66,LY,1674431860
329,kirakira,-10.4544,161.9205,29.4,69,95,1.95,SB,1674431512
330,olga,43.7444,135.2892,-14.14,65,100,2.13,RU,1674432107
331,katangli,51.7102,143.2326,-29.39,89,23,4.02,RU,1674432108
332,kavaratti,10.5669,72.642,26.49,71,92,4.85,IN,1674431839
333,haimen,23.1935,116.6142,16.34,90,25,5.75,CN,1674432108
334,magistralnyy,56.1725,107.4458,-42.91,97,40,1.34,RU,1674432109
335,severo-yeniseyskiy,60.3725,93.0408,-25.4,97,100,2.66,RU,1674432109
336,alibag,18.6411,72.8792,20.04,57,4,3.73,IN,1674432109
337,mehamn,71.0357,27.8492,2.97,75,90,12.35,NO,1674431781
338,buenos aires,-34.6132,-58.3772,30.82,44,0,3.6,AR,1674431497
339,north bend,43.4065,-124.2243,9.58,96,88,2.8,US,1674432110
340,yangjiang,21.85,111.9667,18.48,87,90,1.41,CN,1674432027
341,palmer,42.1584,-72.3287,3.12,82,100,3.09,US,1674431521
342,hofn,64.2539,-15.2082,0.97,59,10,7.0,IS,1674431748
343,shitanjing,39.2342,106.3439,-15.22,47,90,9.99,CN,1674432111
344,ucluelet,48.9329,-125.5528,6.16,85,96,0.94,CA,1674432091
345,srednekolymsk,67.45,153.6833,-41.4,99,100,1.12,RU,1674431939
346,hobyo,5.3505,48.5268,24.58,77,29,8.99,SO,1674431855
347,nova vicosa,-17.8919,-39.3719,25.75,89,100,4.85,BR,1674432112
348,mackay,-21.15,149.2,29.27,69,26,4.11,AU,1674432112
349,sorrento,40.626,14.3744,7.03,95,100,0.5,IT,1674432113
350,dwarka,22.2394,68.9678,18.22,44,0,7.24,IN,1674431573
351,high level,58.5169,-117.136,-14.89,98,9,0.46,CA,1674432022
352,baherden,38.4362,57.4316,-1.14,62,3,1.35,TM,1674431820
353,sur,22.5667,59.5289,18.69,54,29,5.73,OM,1674431931
354,upernavik,72.7868,-56.1549,-28.87,68,82,5.25,GL,1674432114
355,skelleftea,64.7507,20.9528,-6.8,100,7,2.57,SE,1674432114
356,helong,42.5397,128.9972,-15.73,91,94,1.05,CN,1674432114
357,chongwe,-15.3292,28.682,17.17,98,100,1.44,ZM,1674432115
358,balkhash,46.844,74.9804,-17.95,81,7,3.4,KZ,1674431764
359,bolivar,37.6145,-93.4105,2.54,89,100,3.91,US,1674432115
360,rubtsovsk,51.5,81.25,-14.67,68,100,10.27,RU,1674432116
361,cascais,38.6979,-9.4215,10.59,52,7,9.83,PT,1674431833
362,almeirim,-1.5233,-52.5817,23.92,92,48,2.87,BR,1674431971
363,coquimbo,-29.9533,-71.3436,18.29,82,7,2.49,CL,1674432116
364,mizdah,31.4451,12.9801,7.0,72,23,3.72,LY,1674431927
365,deputatskiy,69.3,139.9,-39.08,100,68,1.51,RU,1674431746
366,lubawa,53.5043,19.7497,-0.89,87,23,3.61,PL,1674432117
367,trapani,37.8333,12.6667,5.15,75,36,1.32,IT,1674432117
368,raudeberg,61.9875,5.1352,3.81,70,100,13.45,NO,1674431532
369,abu samrah,35.3029,37.1841,9.03,74,0,1.73,SY,1674432118
370,bubaque,11.2833,-15.8333,23.34,71,1,8.64,GW,1674431754
371,guerrero negro,27.9769,-114.0611,15.74,56,0,7.16,MX,1674431530
372,bell ville,-32.6259,-62.6887,23.7,49,91,3.5,AR,1674432038
373,san miguel,13.4833,-88.1833,25.23,60,35,2.28,SV,1674432119
374,wattegama,6.7989,81.4808,21.77,94,100,1.71,LK,1674432119
375,havre-saint-pierre,50.2334,-63.5986,-3.0,80,100,4.63,CA,1674431744
376,naze,28.3667,129.4833,18.51,78,39,5.68,JP,1674431754
377,petropavlovsk-kamchatskiy,53.0452,158.6483,-17.67,66,75,3.0,RU,1674432120
378,coihaique,-45.5752,-72.0662,19.97,40,40,4.63,CL,1674431819
379,palamos,41.8484,3.1291,5.06,36,81,8.49,ES,1674432120
380,dhidhdhoo,6.8833,73.1,26.4,73,100,2.69,MV,1674431766
381,kaabong,3.4836,34.1492,21.24,47,80,6.08,UG,1674432121
382,bassila,9.0081,1.6654,26.39,24,96,1.21,BJ,1674432121
383,concarneau,47.875,-3.9225,0.44,85,44,2.83,FR,1674432069
384,babushkin,51.7122,105.8647,-31.38,96,65,2.48,RU,1674432122
385,semey,50.4111,80.2275,-15.91,73,95,7.83,KZ,1674432123
386,gao,16.6362,1.637,22.88,13,6,4.28,ML,1674432123
387,beaverlodge,55.2166,-119.4361,-6.81,89,41,2.43,CA,1674432124
388,tomatlan,19.9333,-105.25,24.83,65,1,3.14,MX,1674432124
389,manavalakurichi,8.1333,77.3,23.44,74,97,1.45,IN,1674432125
390,cuamba,-14.8031,36.5372,19.94,98,100,1.59,MZ,1674432125
391,bhanjanagar,19.9333,84.5833,16.67,63,48,1.13,IN,1674432125
392,springdale,36.1867,-94.1288,2.24,92,100,4.47,US,1674431955
393,saldanha,-33.0117,17.9442,17.77,90,0,6.09,ZA,1674432061
394,caravelas,-17.7125,-39.2481,25.85,86,99,4.21,BR,1674432100
395,santa cruz,-17.8,-63.1667,29.03,65,40,7.2,BO,1674431880
396,qinhuangdao,39.9317,119.5883,-11.96,62,98,8.58,CN,1674431811
397,mutuipe,-13.2286,-39.5047,22.5,92,100,1.15,BR,1674432127
398,yining,29.0361,114.5636,6.4,93,100,0.87,CN,1674432128
399,gat,31.61,34.7642,17.44,80,25,0.24,IL,1674431736
400,rio grande,-32.035,-52.0986,27.06,79,12,4.39,BR,1674431865
401,tigzirt,36.8886,4.1198,6.6,79,100,1.52,DZ,1674432128
402,xichang,27.8964,102.2634,2.77,70,76,0.93,CN,1674431427
403,pa sang,18.5262,98.9394,14.11,54,14,0.24,TH,1674432129
404,sinnamary,5.3833,-52.95,24.79,86,93,5.85,GF,1674432130
405,soltsy,58.1239,30.3238,-7.06,96,94,1.39,RU,1674432131
406,corowa,-36.0333,146.3833,23.65,62,7,1.74,AU,1674432131
407,katsuura,35.1333,140.3,7.73,90,100,7.01,JP,1674431312
408,cayenne,4.9333,-52.3333,26.02,83,75,5.14,GF,1674431406
409,ankang,32.68,109.0172,5.11,44,98,1.34,CN,1674432132
410,nabire,-3.3667,135.4833,24.99,88,100,0.69,ID,1674432132
411,kamenka,51.3223,42.7678,-6.0,83,99,4.36,RU,1674432133
412,buraydah,26.326,43.975,15.25,47,83,5.55,SA,1674431836
413,aswan,24.0934,32.907,15.57,27,8,4.25,EG,1674432134
414,talara,-4.5772,-81.2719,22.83,79,26,2.56,PE,1674432134
415,alice springs,-23.7,133.8833,31.23,40,5,3.09,AU,1674431828
416,resistencia,-27.4606,-58.9839,31.72,49,0,2.65,AR,1674432135
417,the hammocks,25.6715,-80.4445,25.01,87,0,1.54,US,1674432135
418,derzhavinsk,51.1,66.3167,-14.21,84,97,4.46,KZ,1674432136
419,kuvandyk,51.4781,57.3552,-19.24,82,85,0.75,RU,1674432136
420,grindavik,63.8424,-22.4338,1.26,60,75,9.77,IS,1674432137
421,tazmalt,36.3868,4.3989,3.05,94,99,2.22,DZ,1674432137
422,phalaborwa,-23.943,31.1411,21.99,82,96,4.68,ZA,1674432138
423,nuevitas,21.5453,-77.2644,24.52,78,17,5.17,CU,1674432138
424,la ronge,55.1001,-105.2842,0.14,74,100,5.66,CA,1674431544
425,nuuk,64.1835,-51.7216,-2.21,89,100,17.14,GL,1674431499
426,atar,20.5169,-13.0499,18.83,17,0,4.54,MR,1674431706
427,dauphin,51.1494,-100.0502,0.82,85,100,5.98,CA,1674432007
428,asyut,27.181,31.1837,12.08,56,54,2.68,EG,1674432139
429,bara,10.3744,10.7288,22.43,18,37,3.7,NG,1674431630
430,savannah bight,16.45,-85.85,26.4,77,5,10.15,HN,1674432011
431,caraquet,47.7941,-64.9386,-4.7,90,100,3.0,CA,1674431947
432,oktyabrskiy,54.4815,53.471,-12.71,92,100,2.54,RU,1674432140
433,mulbagal,13.1667,78.4,14.43,95,34,1.71,IN,1674432140
434,manzil bu zalafah,36.6831,10.5843,5.71,81,23,7.98,TN,1674432141
435,damghan,36.1683,54.348,-2.2,55,4,0.67,IR,1674432141
436,alta floresta,-9.8756,-56.0861,22.27,96,92,1.23,BR,1674431575
437,abonnema,4.7084,6.7931,26.81,78,30,2.52,NG,1674432142
438,sipe sipe,-17.45,-66.3833,18.9,51,60,0.9,BO,1674432142
439,tazovskiy,67.4667,78.7,-29.39,99,74,3.6,RU,1674431911
440,samarai,-10.6167,150.6667,29.0,72,66,6.28,PG,1674431850
441,blackwater,-23.5833,148.8833,27.94,58,15,4.1,AU,1674432135
442,maldonado,-34.6667,-54.9167,22.17,54,10,2.71,UY,1674432143
443,wilmington,34.2257,-77.9447,15.56,92,100,1.34,US,1674432033
444,tougue,11.4667,-11.6,20.42,26,5,1.15,GN,1674432144
445,buzescu,44.0167,25.2333,6.87,86,58,8.43,RO,1674432144
446,guarumal,8.35,-82.5333,25.45,80,14,3.0,PA,1674432145
447,mokhsogollokh,61.4681,128.9203,-42.67,100,100,1.26,RU,1674432145
448,geraldton,-28.7667,114.6,22.23,73,100,7.2,AU,1674431559
449,coahuayana,18.7333,-103.6833,25.55,68,22,1.99,MX,1674431782
450,presidencia roque saenz pena,-26.7852,-60.4388,29.84,34,20,1.65,AR,1674431776
451,rumuruti,0.267,36.5389,13.98,78,88,2.05,KE,1674432146
452,seymchan,62.8833,152.4333,-31.29,96,100,3.58,RU,1674432146
453,khasan,42.4308,130.6434,-10.79,81,88,3.66,RU,1674432147
454,salalah,17.0151,54.0924,20.88,70,32,2.18,OM,1674432097
455,stornoway,58.2093,-6.3865,8.98,94,100,4.12,GB,1674431966
456,takoradi,4.8845,-1.7554,26.52,84,15,2.85,GH,1674431577
457,dunedin,-45.8742,170.5036,15.45,50,13,2.24,NZ,1674431483
458,ivanivka,46.7208,34.553,-0.93,90,11,3.66,UA,1674432148
459,vostok,46.4856,135.8833,-27.77,87,13,1.17,RU,1674431727
460,kushima,31.4583,131.2333,10.01,88,97,4.0,JP,1674432149
461,yellapur,14.9667,74.7167,15.59,64,43,1.52,IN,1674432149
462,chabahar,25.2919,60.643,16.21,34,56,3.03,IR,1674431956
463,athens,37.9795,23.7162,15.09,82,75,4.12,GR,1674431650
464,dindori,22.95,81.0833,14.69,60,1,1.34,IN,1674432150
465,salisbury,51.0693,-1.7957,-0.55,96,40,2.57,GB,1674432150
466,bukoba,-1.3317,31.8122,18.72,80,100,2.26,TZ,1674432151
467,concordia,-31.393,-58.0209,30.44,40,0,3.58,AR,1674431747
468,portland,45.5234,-122.6762,8.85,79,100,2.24,US,1674431577
469,akyab,20.15,92.9,17.59,52,7,3.82,MM,1674431940
470,tautira,-17.7333,-149.15,25.34,72,100,2.81,PF,1674431571
471,castro alves,-12.7656,-39.4283,23.47,83,100,1.81,BR,1674432152
472,osmena,10.5208,119.9258,26.67,79,98,9.75,PH,1674432152
473,ilo,-17.6394,-71.3375,21.59,79,57,0.19,PE,1674432152
474,asekeyevo,53.5742,52.7972,-15.4,93,100,1.09,RU,1674432153
475,bardiyah,31.7561,25.0865,14.31,63,0,3.74,LY,1674431555
476,grimshaw,56.1834,-117.6027,-1.21,69,20,3.6,CA,1674431983
477,ostrovnoy,68.0531,39.5131,-3.89,86,90,11.4,RU,1674432153
478,turukhansk,65.8167,87.9833,-22.6,91,100,6.14,RU,1674432154
479,tual,-5.6667,132.75,27.21,80,100,7.05,ID,1674431925
480,gari,59.4307,62.3497,-15.18,98,38,1.98,RU,1674432155
481,jodiya,22.6925,70.306,16.77,55,0,7.32,IN,1674431987
482,matamoros,25.5333,-103.25,18.95,19,0,3.28,MX,1674431706
483,fukue,32.6881,128.8419,9.2,76,40,4.63,JP,1674431858
484,kawalu,-7.3817,108.2082,23.22,89,94,0.16,ID,1674432155
485,manta,-0.95,-80.7333,26.88,69,20,4.63,EC,1674431835
486,bushehr,28.9684,50.8385,16.75,72,91,1.52,IR,1674432156
487,sri aman,1.2376,111.4621,23.37,99,100,0.39,MY,1674432010
488,puerto carreno,6.189,-67.4859,28.03,55,100,5.72,CO,1674432157
489,hokitika,-42.7167,170.9667,18.44,64,6,3.75,NZ,1674432157
490,maltahohe,-24.8333,16.9833,24.39,46,92,4.7,NA,1674432157
491,bemidji,47.4736,-94.8803,-7.19,90,0,2.06,US,1674432158
492,bali chak,22.3667,87.55,18.06,68,60,1.95,IN,1674432158
493,kangaatsiaq,68.3065,-53.4641,-11.9,93,100,3.95,GL,1674432159
494,mtambile,-5.3833,39.7,26.32,83,100,5.12,TZ,1674432159
495,callaguip,18.0714,120.4867,25.34,67,58,1.53,PH,1674432159
496,richards bay,-28.783,32.0377,22.74,88,12,2.03,ZA,1674432160
497,saint-augustin,51.226,-58.6502,-10.09,89,38,3.03,CA,1674432160
498,margate,51.3813,1.3862,4.83,75,38,1.79,GB,1674432161
499,cabedelo,-6.9811,-34.8339,27.37,79,17,4.76,BR,1674431829
500,wadi maliz,36.4681,8.5495,5.63,87,88,5.42,TN,1674432161
501,bolshoye nagatkino,54.5196,47.9679,-10.13,91,100,1.91,RU,1674432161
502,joshimath,30.5667,79.5667,-0.48,31,0,4.35,IN,1674432162
503,baker city,44.7749,-117.8344,-0.23,81,65,4.15,US,1674431943
504,pacific grove,36.6177,-121.9166,15.77,62,48,10.28,US,1674431756
505,shache,38.4167,77.2406,-13.39,90,95,3.2,CN,1674431826
506,sorland,67.667,12.6934,4.92,83,100,16.31,NO,1674432163
507,korem,12.5058,39.5228,9.5,61,29,0.55,ET,1674432163
508,mareeba,-17.0,145.4333,28.6,71,64,3.11,AU,1674431751
509,kismayo,-0.3582,42.5454,25.01,87,71,6.79,SO,1674432164
510,portoferraio,42.8115,10.3146,8.94,76,45,10.37,IT,1674432164
511,mangaluru,12.8667,74.8833,23.48,78,33,1.54,IN,1674432165
512,beyneu,45.3167,55.2,-3.63,54,0,4.38,KZ,1674432165
513,arawa,-6.2132,155.5367,30.08,63,100,2.03,PG,1674432166
514,alihe,50.5667,123.7167,-34.89,94,92,1.53,CN,1674432166
515,esmeraldas,-19.7625,-44.3139,20.01,94,100,1.54,BR,1674432167
516,ust-uda,54.1742,103.0304,-45.24,100,62,0.71,RU,1674432167
517,khoy,38.5504,44.9535,-1.85,73,43,0.25,IR,1674432167
518,lujan,-34.5703,-59.105,27.79,51,38,1.34,AR,1674432168
519,gubkinskiy,64.434,76.5026,-14.64,96,100,2.54,RU,1674432041
520,owase,34.0667,136.2,7.76,71,100,1.54,JP,1674432168
521,hirara,24.8,125.2833,20.01,89,100,7.66,JP,1674432169
522,kulhudhuffushi,6.6221,73.07,26.44,71,100,2.71,MV,1674432169
523,tabas,33.5959,56.9244,3.37,38,0,1.92,IR,1674432078
524,nienburg,52.6333,9.2167,2.34,96,100,2.42,DE,1674432169
525,anuradhapura,8.3565,80.4173,21.6,98,99,1.88,LK,1674432170
526,chipinge,-20.1883,32.6236,17.29,84,54,1.75,ZW,1674432170
527,iracoubo,5.4802,-53.2011,24.77,85,97,5.78,GF,1674432171
528,luena,-11.7833,19.9167,16.21,94,98,3.35,AO,1674432172
529,gushikawa,26.3544,127.8686,19.57,97,100,0.0,JP,1674432172
530,hanmer springs,-42.5167,172.8167,16.17,66,88,1.78,NZ,1674432172
531,zhigansk,66.7697,123.3711,-37.55,94,100,2.43,RU,1674431925
532,xuanwu,32.069,118.8138,5.55,88,100,3.26,CN,1674432173
533,gewane,10.1664,40.6453,21.25,57,11,2.77,ET,1674432173
534,port moresby,-9.4431,147.1797,28.38,65,89,0.83,PG,1674432174
535,hammond,41.5834,-87.5,0.83,90,100,4.12,US,1674432057
536,launceston,-41.45,147.1667,22.86,60,1,2.57,AU,1674431870
537,ballitoville,-29.539,31.2144,25.69,92,28,2.14,ZA,1674432175
538,jilin,43.0,126.0,-23.81,84,80,3.93,CN,1674432175
539,svetlyy,54.675,20.1347,-0.97,87,43,3.33,RU,1674432176
540,tecozautla,20.5333,-99.6333,21.79,39,1,4.19,MX,1674432176
541,porto murtinho,-21.6989,-57.8825,29.38,54,71,2.36,BR,1674432176
542,westport,41.1415,-73.3579,4.38,86,100,3.6,US,1674431911
543,mujiayingzi,42.1167,118.7833,-20.96,90,100,1.95,CN,1674432177
544,leninogorsk,54.6026,52.4609,-13.14,94,100,2.18,RU,1674432177
545,gorele,41.0308,39.0031,9.9,64,0,1.75,TR,1674432178
546,karagaylinskiy,54.172,86.5521,-17.03,93,100,7.4,RU,1674432178
547,santiago del estero,-27.7951,-64.2615,30.45,43,36,3.37,AR,1674432091
548,poronaysk,49.2167,143.1167,-21.46,84,84,0.7,RU,1674432179
549,carballo,43.213,-8.691,6.06,82,55,1.06,ES,1674432179
550,paamiut,61.994,-49.6678,-6.74,74,100,7.56,GL,1674432180
551,berlevag,70.8578,29.0864,3.0,64,98,18.52,NO,1674432180
552,krasnyy chikoy,50.3643,108.7512,-39.97,99,64,1.08,RU,1674432180
553,mercedes,-34.6515,-59.4307,27.66,41,36,4.55,AR,1674432181
554,mitu,1.1983,-70.1733,22.9,94,74,0.84,CO,1674432015
